time,.header,.latitude,.longitude,.altitude,.utm_easting,.utm_northing,.zone,.letter
2022/02/08/15:00:17.498567,$GPGGA,42.34063333333334,-71.09754,7.2,327212.60851034895,4689728.23400814,19,T
2022/02/08/15:00:18.492488,$GPGGA,42.34063333333334,-71.09754,7.2,327212.60851034895,4689728.23400814,19,T
2022/02/08/15:00:19.492181,$GPGGA,42.34063333333334,-71.09754,7.2,327212.60851034895,4689728.23400814,19,T
2022/02/08/15:00:20.492283,$GPGGA,42.34063333333334,-71.09754,7.2,327212.60851034895,4689728.23400814,19,T
2022/02/08/15:00:21.498312,$GPGGA,42.34063333333334,-71.09754,7.2,327212.60851034895,4689728.23400814,19,T
2022/02/08/15:00:22.502958,$GPGGA,42.34063333333334,-71.09754,7.1,327212.60851034895,4689728.23400814,19,T
2022/02/08/15:00:23.497411,$GPGGA,42.34063333333334,-71.09754,7.1,327212.60851034895,4689728.23400814,19,T
2022/02/08/15:00:24.498201,$GPGGA,42.34063333333334,-71.09754,7.1,327212.60851034895,4689728.23400814,19,T
2022/02/08/15:00:25.498126,$GPGGA,42.34063333333334,-71.09754,7.1,327212.60851034895,4689728.23400814,19,T
2022/02/08/15:00:26.497862,$GPGGA,42.34063333333334,-71.09754,7.1,327212.60851034895,4689728.23400814,19,T
2022/02/08/15:00:27.502681,$GPGGA,42.34063333333334,-71.09754,7.1,327212.60851034895,4689728.23400814,19,T
2022/02/08/15:00:28.497622,$GPGGA,42.34063333333334,-71.09754,7.1,327212.60851034895,4689728.23400814,19,T
2022/02/08/15:00:29.492720,$GPGGA,42.34063333333334,-71.09754,7.1,327212.60851034895,4689728.23400814,19,T
2022/02/08/15:00:30.493028,$GPGGA,42.34063333333334,-71.09754,7.1,327212.60851034895,4689728.23400814,19,T
2022/02/08/15:00:31.492800,$GPGGA,42.34063333333334,-71.09754,7.1,327212.60851034895,4689728.23400814,19,T
2022/02/08/15:00:32.493066,$GPGGA,42.34063333333334,-71.09754,7.0,327212.60851034895,4689728.23400814,19,T
2022/02/08/15:00:33.493004,$GPGGA,42.34063333333334,-71.09754,7.0,327212.60851034895,4689728.23400814,19,T
2022/02/08/15:00:34.492708,$GPGGA,42.34063333333334,-71.09754,7.0,327212.60851034895,4689728.23400814,19,T
2022/02/08/15:00:35.492106,$GPGGA,42.340635000000006,-71.09754,7.0,327212.61307578447,4689728.419078964,19,T
2022/02/08/15:00:36.492907,$GPGGA,42.340635000000006,-71.09754,7.0,327212.61307578447,4689728.419078964,19,T
2022/02/08/15:00:37.492907,$GPGGA,42.340635000000006,-71.09754,7.0,327212.61307578447,4689728.419078964,19,T
2022/02/08/15:00:38.492481,$GPGGA,42.340635000000006,-71.09754,7.0,327212.61307578447,4689728.419078964,19,T
2022/02/08/15:00:39.492283,$GPGGA,42.340635000000006,-71.09754,7.0,327212.61307578447,4689728.419078964,19,T
2022/02/08/15:00:40.492445,$GPGGA,42.340635000000006,-71.09754,7.0,327212.61307578447,4689728.419078964,19,T
2022/02/08/15:00:41.493222,$GPGGA,42.340635000000006,-71.09754,7.0,327212.61307578447,4689728.419078964,19,T
2022/02/08/15:00:42.493441,$GPGGA,42.340635000000006,-71.09754,7.0,327212.61307578447,4689728.419078964,19,T
2022/02/08/15:00:43.497640,$GPGGA,42.340635000000006,-71.09754,7.0,327212.61307578447,4689728.419078964,19,T
2022/02/08/15:00:44.492041,$GPGGA,42.340635000000006,-71.09754,7.0,327212.61307578447,4689728.419078964,19,T
2022/02/08/15:00:45.492628,$GPGGA,42.340635000000006,-71.09754,7.0,327212.61307578447,4689728.419078964,19,T
2022/02/08/15:00:46.496758,$GPGGA,42.340635000000006,-71.09754,6.9,327212.61307578447,4689728.419078964,19,T
2022/02/08/15:00:47.492632,$GPGGA,42.340635000000006,-71.09754,6.9,327212.61307578447,4689728.419078964,19,T
2022/02/08/15:00:48.500093,$GPGGA,42.340635000000006,-71.09754,6.9,327212.61307578447,4689728.419078964,19,T
2022/02/08/15:00:49.494912,$GPGGA,42.340635000000006,-71.09754,6.9,327212.61307578447,4689728.419078964,19,T
2022/02/08/15:00:50.495539,$GPGGA,42.340635000000006,-71.09754,6.9,327212.61307578447,4689728.419078964,19,T
2022/02/08/15:00:51.494373,$GPGGA,42.340635000000006,-71.09754,6.9,327212.61307578447,4689728.419078964,19,T
2022/02/08/15:00:52.493799,$GPGGA,42.340635000000006,-71.09754,6.9,327212.61307578447,4689728.419078964,19,T
2022/02/08/15:00:53.493149,$GPGGA,42.340635000000006,-71.09754,6.9,327212.61307578447,4689728.419078964,19,T
2022/02/08/15:00:54.493949,$GPGGA,42.340635000000006,-71.09754,6.9,327212.61307578447,4689728.419078964,19,T
2022/02/08/15:00:55.495448,$GPGGA,42.340635000000006,-71.09754,6.9,327212.61307578447,4689728.419078964,19,T
2022/02/08/15:00:56.492885,$GPGGA,42.340635000000006,-71.09754,6.9,327212.61307578447,4689728.419078964,19,T
2022/02/08/15:00:57.495979,$GPGGA,42.340635000000006,-71.09754,6.9,327212.61307578447,4689728.419078964,19,T
2022/02/08/15:00:58.492925,$GPGGA,42.340635000000006,-71.09754,6.9,327212.61307578447,4689728.419078964,19,T
2022/02/08/15:00:59.492448,$GPGGA,42.340635000000006,-71.09754,6.9,327212.61307578447,4689728.419078964,19,T
2022/02/08/15:01:00.494043,$GPGGA,42.340635000000006,-71.09754,6.9,327212.61307578447,4689728.419078964,19,T
2022/02/08/15:01:01.496393,$GPGGA,42.340635000000006,-71.09754,6.9,327212.61307578447,4689728.419078964,19,T
2022/02/08/15:01:02.495736,$GPGGA,42.340635000000006,-71.09754,6.9,327212.61307578447,4689728.419078964,19,T
2022/02/08/15:01:03.496574,$GPGGA,42.340635000000006,-71.09754,6.9,327212.61307578447,4689728.419078964,19,T
2022/02/08/15:01:04.492950,$GPGGA,42.340635000000006,-71.09754,6.9,327212.61307578447,4689728.419078964,19,T
2022/02/08/15:01:05.492463,$GPGGA,42.340635000000006,-71.09754,6.9,327212.61307578447,4689728.419078964,19,T
2022/02/08/15:01:06.492864,$GPGGA,42.340635000000006,-71.09754,6.9,327212.61307578447,4689728.419078964,19,T
2022/02/08/15:01:07.493117,$GPGGA,42.340635000000006,-71.09754,6.8,327212.61307578447,4689728.419078964,19,T
2022/02/08/15:01:08.493022,$GPGGA,42.340635000000006,-71.09754,6.8,327212.61307578447,4689728.419078964,19,T
2022/02/08/15:01:09.499992,$GPGGA,42.340635000000006,-71.09754,6.8,327212.61307578447,4689728.419078964,19,T
2022/02/08/15:01:10.497158,$GPGGA,42.340635000000006,-71.09754,6.8,327212.61307578447,4689728.419078964,19,T
2022/02/08/15:01:11.498439,$GPGGA,42.340635000000006,-71.09754,6.8,327212.61307578447,4689728.419078964,19,T
2022/02/08/15:01:12.498077,$GPGGA,42.340635000000006,-71.09754,6.8,327212.61307578447,4689728.419078964,19,T
2022/02/08/15:01:13.497486,$GPGGA,42.340635000000006,-71.09754,6.8,327212.61307578447,4689728.419078964,19,T
2022/02/08/15:01:14.503369,$GPGGA,42.340635000000006,-71.09754,6.8,327212.61307578447,4689728.419078964,19,T
2022/02/08/15:01:15.497260,$GPGGA,42.340635000000006,-71.09754,6.8,327212.61307578447,4689728.419078964,19,T
2022/02/08/15:01:16.498028,$GPGGA,42.340635000000006,-71.09754,6.8,327212.61307578447,4689728.419078964,19,T
2022/02/08/15:01:17.498642,$GPGGA,42.340635000000006,-71.09754,6.8,327212.61307578447,4689728.419078964,19,T
2022/02/08/15:01:18.492846,$GPGGA,42.340635000000006,-71.09754,6.8,327212.61307578447,4689728.419078964,19,T
2022/02/08/15:01:19.492564,$GPGGA,42.340635000000006,-71.09754,6.8,327212.61307578447,4689728.419078964,19,T
2022/02/08/15:01:20.498544,$GPGGA,42.340635000000006,-71.09754,6.8,327212.61307578447,4689728.419078964,19,T
2022/02/08/15:01:21.499080,$GPGGA,42.340635000000006,-71.09754,6.8,327212.61307578447,4689728.419078964,19,T
2022/02/08/15:01:22.492759,$GPGGA,42.340635000000006,-71.09754,6.8,327212.61307578447,4689728.419078964,19,T
2022/02/08/15:01:23.492814,$GPGGA,42.340635000000006,-71.09754,6.8,327212.61307578447,4689728.419078964,19,T
2022/02/08/15:01:24.493229,$GPGGA,42.340635000000006,-71.09754,6.8,327212.61307578447,4689728.419078964,19,T
2022/02/08/15:01:25.492396,$GPGGA,42.340635000000006,-71.09754,6.8,327212.61307578447,4689728.419078964,19,T
2022/02/08/15:01:26.492502,$GPGGA,42.340635000000006,-71.09754,6.8,327212.61307578447,4689728.419078964,19,T
2022/02/08/15:01:27.492541,$GPGGA,42.340635000000006,-71.09754,6.8,327212.61307578447,4689728.419078964,19,T
2022/02/08/15:01:28.493113,$GPGGA,42.340635000000006,-71.09754,6.8,327212.61307578447,4689728.419078964,19,T
2022/02/08/15:01:29.493223,$GPGGA,42.340635000000006,-71.09754,6.8,327212.61307578447,4689728.419078964,19,T
2022/02/08/15:01:30.492694,$GPGGA,42.340635000000006,-71.09754,6.8,327212.61307578447,4689728.419078964,19,T
2022/02/08/15:01:31.497769,$GPGGA,42.340635000000006,-71.09753833333333,6.8,327212.7503752479,4689728.415691981,19,T
2022/02/08/15:01:32.493251,$GPGGA,42.340635000000006,-71.09753833333333,6.8,327212.7503752479,4689728.415691981,19,T
2022/02/08/15:01:33.492702,$GPGGA,42.340635000000006,-71.09753833333333,6.8,327212.7503752479,4689728.415691981,19,T
2022/02/08/15:01:34.491696,$GPGGA,42.340635000000006,-71.09753833333333,6.8,327212.7503752479,4689728.415691981,19,T
2022/02/08/15:01:35.492730,$GPGGA,42.340635000000006,-71.09753833333333,6.8,327212.7503752479,4689728.415691981,19,T
2022/02/08/15:01:36.499663,$GPGGA,42.340635000000006,-71.09753833333333,6.8,327212.7503752479,4689728.415691981,19,T
2022/02/08/15:01:37.494060,$GPGGA,42.340635000000006,-71.09753833333333,6.8,327212.7503752479,4689728.415691981,19,T
2022/02/08/15:01:38.492980,$GPGGA,42.340635000000006,-71.09753833333333,6.8,327212.7503752479,4689728.415691981,19,T
2022/02/08/15:01:39.494488,$GPGGA,42.340635000000006,-71.09753833333333,6.8,327212.7503752479,4689728.415691981,19,T
2022/02/08/15:01:40.493535,$GPGGA,42.340635000000006,-71.09753833333333,6.8,327212.7503752479,4689728.415691981,19,T
2022/02/08/15:01:41.498968,$GPGGA,42.340635000000006,-71.09753833333333,6.8,327212.7503752479,4689728.415691981,19,T
2022/02/08/15:01:42.494105,$GPGGA,42.340635000000006,-71.09753833333333,6.8,327212.7503752479,4689728.415691981,19,T
2022/02/08/15:01:43.492879,$GPGGA,42.340635000000006,-71.09753833333333,6.8,327212.7503752479,4689728.415691981,19,T
2022/02/08/15:01:44.492812,$GPGGA,42.340635000000006,-71.09753833333333,6.8,327212.7503752479,4689728.415691981,19,T
2022/02/08/15:01:45.492675,$GPGGA,42.340635000000006,-71.09753833333333,6.8,327212.7503752479,4689728.415691981,19,T
2022/02/08/15:01:46.491956,$GPGGA,42.340635000000006,-71.09753833333333,6.8,327212.7503752479,4689728.415691981,19,T
2022/02/08/15:01:47.492436,$GPGGA,42.340635000000006,-71.09753833333333,6.8,327212.7503752479,4689728.415691981,19,T
2022/02/08/15:01:48.493579,$GPGGA,42.340635000000006,-71.09753833333333,6.8,327212.7503752479,4689728.415691981,19,T
2022/02/08/15:01:49.493252,$GPGGA,42.340635000000006,-71.09753833333333,6.8,327212.7503752479,4689728.415691981,19,T
2022/02/08/15:01:50.492148,$GPGGA,42.340635000000006,-71.09753833333333,6.8,327212.7503752479,4689728.415691981,19,T
2022/02/08/15:01:51.491746,$GPGGA,42.340635000000006,-71.09753833333333,6.8,327212.7503752479,4689728.415691981,19,T
2022/02/08/15:01:52.492999,$GPGGA,42.340635000000006,-71.09753833333333,6.8,327212.7503752479,4689728.415691981,19,T
2022/02/08/15:01:53.492952,$GPGGA,42.340635000000006,-71.09753833333333,6.8,327212.7503752479,4689728.415691981,19,T
2022/02/08/15:01:54.493410,$GPGGA,42.340635000000006,-71.09753833333333,6.8,327212.7503752479,4689728.415691981,19,T
2022/02/08/15:01:55.493351,$GPGGA,42.340635000000006,-71.09753833333333,6.8,327212.7503752479,4689728.415691981,19,T
2022/02/08/15:01:56.499151,$GPGGA,42.340635000000006,-71.09753833333333,6.8,327212.7503752479,4689728.415691981,19,T
2022/02/08/15:01:57.493111,$GPGGA,42.340635000000006,-71.09753833333333,6.8,327212.7503752479,4689728.415691981,19,T
2022/02/08/15:01:58.492483,$GPGGA,42.340635000000006,-71.09753833333333,6.8,327212.7503752479,4689728.415691981,19,T
2022/02/08/15:01:59.495472,$GPGGA,42.340635000000006,-71.09753833333333,6.8,327212.7503752479,4689728.415691981,19,T
2022/02/08/15:02:00.512561,$GPGGA,42.340635000000006,-71.09753833333333,6.8,327212.7503752479,4689728.415691981,19,T
2022/02/08/15:02:01.502359,$GPGGA,42.340635000000006,-71.09753833333333,6.8,327212.7503752479,4689728.415691981,19,T
2022/02/08/15:02:02.492868,$GPGGA,42.340635000000006,-71.09753833333333,6.8,327212.7503752479,4689728.415691981,19,T
2022/02/08/15:02:03.497790,$GPGGA,42.340635000000006,-71.09753833333333,6.8,327212.7503752479,4689728.415691981,19,T
2022/02/08/15:02:04.499978,$GPGGA,42.340635000000006,-71.09753833333333,6.8,327212.7503752479,4689728.415691981,19,T
2022/02/08/15:02:05.499210,$GPGGA,42.340635000000006,-71.09753833333333,6.8,327212.7503752479,4689728.415691981,19,T
2022/02/08/15:02:06.504011,$GPGGA,42.340635000000006,-71.09753833333333,6.8,327212.7503752479,4689728.415691981,19,T
2022/02/08/15:02:07.499475,$GPGGA,42.340635000000006,-71.09753833333333,6.8,327212.7503752479,4689728.415691981,19,T
2022/02/08/15:02:08.493036,$GPGGA,42.340635000000006,-71.09753833333333,6.8,327212.7503752479,4689728.415691981,19,T
2022/02/08/15:02:09.499678,$GPGGA,42.340635000000006,-71.09753833333333,6.7,327212.7503752479,4689728.415691981,19,T
2022/02/08/15:02:10.498858,$GPGGA,42.340635000000006,-71.09753833333333,6.7,327212.7503752479,4689728.415691981,19,T
2022/02/08/15:02:11.498366,$GPGGA,42.340635000000006,-71.09753833333333,6.7,327212.7503752479,4689728.415691981,19,T
2022/02/08/15:02:12.499933,$GPGGA,42.340635000000006,-71.09753833333333,6.7,327212.7503752479,4689728.415691981,19,T
2022/02/08/15:02:13.498898,$GPGGA,42.340635000000006,-71.09753833333333,6.7,327212.7503752479,4689728.415691981,19,T
2022/02/08/15:02:14.498639,$GPGGA,42.340635000000006,-71.09753833333333,6.7,327212.7503752479,4689728.415691981,19,T
2022/02/08/15:02:15.498746,$GPGGA,42.340635000000006,-71.09753833333333,6.7,327212.7503752479,4689728.415691981,19,T
2022/02/08/15:02:16.499076,$GPGGA,42.340635000000006,-71.09753833333333,6.7,327212.7503752479,4689728.415691981,19,T
2022/02/08/15:02:17.499147,$GPGGA,42.340635000000006,-71.09753666666667,6.7,327212.88767470926,4689728.412305001,19,T
2022/02/08/15:02:18.499910,$GPGGA,42.340635000000006,-71.09753666666667,6.7,327212.88767470926,4689728.412305001,19,T
2022/02/08/15:02:19.492855,$GPGGA,42.340635000000006,-71.09753666666667,6.7,327212.88767470926,4689728.412305001,19,T
2022/02/08/15:02:20.492985,$GPGGA,42.340635000000006,-71.09753666666667,6.7,327212.88767470926,4689728.412305001,19,T
2022/02/08/15:02:21.494061,$GPGGA,42.340635000000006,-71.09753666666667,6.7,327212.88767470926,4689728.412305001,19,T
2022/02/08/15:02:22.498215,$GPGGA,42.340635000000006,-71.09753666666667,6.7,327212.88767470926,4689728.412305001,19,T
2022/02/08/15:02:23.498009,$GPGGA,42.340635000000006,-71.09753666666667,6.7,327212.88767470926,4689728.412305001,19,T
2022/02/08/15:02:24.499794,$GPGGA,42.340635000000006,-71.09753666666667,6.7,327212.88767470926,4689728.412305001,19,T
2022/02/08/15:02:25.499947,$GPGGA,42.340635000000006,-71.09753666666667,6.7,327212.88767470926,4689728.412305001,19,T
2022/02/08/15:02:26.492960,$GPGGA,42.340635000000006,-71.09753666666667,6.7,327212.88767470926,4689728.412305001,19,T
2022/02/08/15:02:27.504771,$GPGGA,42.340635000000006,-71.09753666666667,6.7,327212.88767470926,4689728.412305001,19,T
2022/02/08/15:02:28.499703,$GPGGA,42.340635000000006,-71.09753666666667,6.7,327212.88767470926,4689728.412305001,19,T
2022/02/08/15:02:29.499414,$GPGGA,42.340635000000006,-71.09753666666667,6.7,327212.88767470926,4689728.412305001,19,T
2022/02/08/15:02:30.493892,$GPGGA,42.340635000000006,-71.09753666666667,6.7,327212.88767470926,4689728.412305001,19,T
2022/02/08/15:02:31.492074,$GPGGA,42.340635000000006,-71.09753666666667,6.7,327212.88767470926,4689728.412305001,19,T
2022/02/08/15:02:32.497844,$GPGGA,42.340635000000006,-71.09753666666667,6.7,327212.88767470926,4689728.412305001,19,T
2022/02/08/15:02:33.492837,$GPGGA,42.34063666666666,-71.09753666666667,6.7,327212.8922401377,4689728.597375823,19,T
2022/02/08/15:02:34.492455,$GPGGA,42.34063666666666,-71.09753666666667,6.7,327212.8922401377,4689728.597375823,19,T
2022/02/08/15:02:35.498412,$GPGGA,42.34063666666666,-71.09753666666667,6.7,327212.8922401377,4689728.597375823,19,T
2022/02/08/15:02:36.495417,$GPGGA,42.34063666666666,-71.09753666666667,6.7,327212.8922401377,4689728.597375823,19,T
2022/02/08/15:02:37.494296,$GPGGA,42.34063666666666,-71.09753666666667,6.7,327212.8922401377,4689728.597375823,19,T
2022/02/08/15:02:38.494042,$GPGGA,42.34063666666666,-71.09753666666667,6.7,327212.8922401377,4689728.597375823,19,T
2022/02/08/15:02:39.492481,$GPGGA,42.34063666666666,-71.09753666666667,6.7,327212.8922401377,4689728.597375823,19,T
2022/02/08/15:02:40.500230,$GPGGA,42.34063666666666,-71.09753666666667,6.7,327212.8922401377,4689728.597375823,19,T
2022/02/08/15:02:41.493186,$GPGGA,42.34063666666666,-71.09753666666667,6.7,327212.8922401377,4689728.597375823,19,T
2022/02/08/15:02:42.495325,$GPGGA,42.34063666666666,-71.09753666666667,6.7,327212.8922401377,4689728.597375823,19,T
2022/02/08/15:02:43.499184,$GPGGA,42.34063666666666,-71.09753666666667,6.7,327212.8922401377,4689728.597375823,19,T
2022/02/08/15:02:44.493745,$GPGGA,42.34063666666666,-71.09753666666667,6.7,327212.8922401377,4689728.597375823,19,T
2022/02/08/15:02:45.499391,$GPGGA,42.34063666666666,-71.09753666666667,6.7,327212.8922401377,4689728.597375823,19,T
2022/02/08/15:02:46.498893,$GPGGA,42.34063666666666,-71.09753666666667,6.7,327212.8922401377,4689728.597375823,19,T
2022/02/08/15:02:47.493363,$GPGGA,42.34063666666666,-71.09753666666667,6.7,327212.8922401377,4689728.597375823,19,T
2022/02/08/15:02:48.500281,$GPGGA,42.34063666666666,-71.09753666666667,6.7,327212.8922401377,4689728.597375823,19,T
2022/02/08/15:02:49.493072,$GPGGA,42.34063666666666,-71.09753666666667,6.6,327212.8922401377,4689728.597375823,19,T
2022/02/08/15:02:50.498160,$GPGGA,42.34063666666666,-71.09753666666667,6.6,327212.8922401377,4689728.597375823,19,T
2022/02/08/15:02:51.492773,$GPGGA,42.34063666666666,-71.09753666666667,6.6,327212.8922401377,4689728.597375823,19,T
2022/02/08/15:02:52.499022,$GPGGA,42.34063666666666,-71.09753666666667,6.6,327212.8922401377,4689728.597375823,19,T
2022/02/08/15:02:53.493925,$GPGGA,42.34063666666666,-71.09753666666667,6.6,327212.8922401377,4689728.597375823,19,T
2022/02/08/15:02:54.494109,$GPGGA,42.34063666666666,-71.09753666666667,6.6,327212.8922401377,4689728.597375823,19,T
2022/02/08/15:02:55.492998,$GPGGA,42.34063666666666,-71.09753666666667,6.6,327212.8922401377,4689728.597375823,19,T
2022/02/08/15:02:56.494716,$GPGGA,42.34063666666666,-71.09753666666667,6.6,327212.8922401377,4689728.597375823,19,T
2022/02/08/15:02:57.494875,$GPGGA,42.34063666666666,-71.09753666666667,6.6,327212.8922401377,4689728.597375823,19,T
2022/02/08/15:02:58.500782,$GPGGA,42.34063666666666,-71.09753666666667,6.6,327212.8922401377,4689728.597375823,19,T
2022/02/08/15:02:59.498194,$GPGGA,42.34063666666666,-71.09753666666667,6.6,327212.8922401377,4689728.597375823,19,T
2022/02/08/15:03:00.494065,$GPGGA,42.34063666666666,-71.09753666666667,6.6,327212.8922401377,4689728.597375823,19,T
2022/02/08/15:03:01.494550,$GPGGA,42.34063666666666,-71.09753666666667,6.6,327212.8922401377,4689728.597375823,19,T
2022/02/08/15:03:02.493462,$GPGGA,42.34063666666666,-71.09753666666667,6.6,327212.8922401377,4689728.597375823,19,T
2022/02/08/15:03:03.493537,$GPGGA,42.34063666666666,-71.09753666666667,6.6,327212.8922401377,4689728.597375823,19,T
2022/02/08/15:03:04.500012,$GPGGA,42.34063666666666,-71.09753666666667,6.6,327212.8922401377,4689728.597375823,19,T
2022/02/08/15:03:05.494613,$GPGGA,42.34063666666666,-71.09753666666667,6.6,327212.8922401377,4689728.597375823,19,T
2022/02/08/15:03:06.493450,$GPGGA,42.34063666666666,-71.09753666666667,6.6,327212.8922401377,4689728.597375823,19,T
2022/02/08/15:03:07.492862,$GPGGA,42.34063666666666,-71.09753666666667,6.6,327212.8922401377,4689728.597375823,19,T
2022/02/08/15:03:08.493440,$GPGGA,42.34063666666666,-71.09753666666667,6.6,327212.8922401377,4689728.597375823,19,T
2022/02/08/15:03:09.497818,$GPGGA,42.34063666666666,-71.09753666666667,6.6,327212.8922401377,4689728.597375823,19,T
2022/02/08/15:03:10.497818,$GPGGA,42.34063666666666,-71.09753666666667,6.6,327212.8922401377,4689728.597375823,19,T
2022/02/08/15:03:11.497910,$GPGGA,42.34063666666666,-71.09753666666667,6.6,327212.8922401377,4689728.597375823,19,T
2022/02/08/15:03:12.500758,$GPGGA,42.34063666666666,-71.09753666666667,6.6,327212.8922401377,4689728.597375823,19,T
2022/02/08/15:03:13.493876,$GPGGA,42.34063666666666,-71.09753666666667,6.6,327212.8922401377,4689728.597375823,19,T
2022/02/08/15:03:14.492902,$GPGGA,42.34063666666666,-71.09753666666667,6.6,327212.8922401377,4689728.597375823,19,T
2022/02/08/15:03:15.497930,$GPGGA,42.34063666666666,-71.09753666666667,6.6,327212.8922401377,4689728.597375823,19,T
2022/02/08/15:03:16.498333,$GPGGA,42.34063666666666,-71.09753666666667,6.6,327212.8922401377,4689728.597375823,19,T
2022/02/08/15:03:17.497500,$GPGGA,42.34063666666666,-71.09753666666667,6.6,327212.8922401377,4689728.597375823,19,T
2022/02/08/15:03:18.505326,$GPGGA,42.34063666666666,-71.09753666666667,6.6,327212.8922401377,4689728.597375823,19,T
2022/02/08/15:03:19.492356,$GPGGA,42.34063666666666,-71.09753666666667,6.6,327212.8922401377,4689728.597375823,19,T
2022/02/08/15:03:20.492417,$GPGGA,42.34063666666666,-71.09753666666667,6.6,327212.8922401377,4689728.597375823,19,T
2022/02/08/15:03:21.492501,$GPGGA,42.34063666666666,-71.09753666666667,6.6,327212.8922401377,4689728.597375823,19,T
2022/02/08/15:03:22.498791,$GPGGA,42.34063666666666,-71.09753666666667,6.5,327212.8922401377,4689728.597375823,19,T
2022/02/08/15:03:23.493002,$GPGGA,42.34063666666666,-71.09753666666667,6.5,327212.8922401377,4689728.597375823,19,T
2022/02/08/15:03:24.493029,$GPGGA,42.34063666666666,-71.09753666666667,6.5,327212.8922401377,4689728.597375823,19,T
2022/02/08/15:03:25.499323,$GPGGA,42.34063666666666,-71.09753666666667,6.5,327212.8922401377,4689728.597375823,19,T
2022/02/08/15:03:26.493764,$GPGGA,42.34063666666666,-71.09753666666667,6.5,327212.8922401377,4689728.597375823,19,T
2022/02/08/15:03:27.497106,$GPGGA,42.34063666666666,-71.09753666666667,6.5,327212.8922401377,4689728.597375823,19,T
2022/02/08/15:03:28.499197,$GPGGA,42.34063666666666,-71.09753666666667,6.5,327212.8922401377,4689728.597375823,19,T
2022/02/08/15:03:29.504630,$GPGGA,42.34063666666666,-71.09753666666667,6.5,327212.8922401377,4689728.597375823,19,T
2022/02/08/15:03:30.493876,$GPGGA,42.34063666666666,-71.09753666666667,6.5,327212.8922401377,4689728.597375823,19,T
2022/02/08/15:03:31.491673,$GPGGA,42.34063666666666,-71.09753666666667,6.5,327212.8922401377,4689728.597375823,19,T
2022/02/08/15:03:32.492764,$GPGGA,42.34063666666666,-71.09753666666667,6.5,327212.8922401377,4689728.597375823,19,T
2022/02/08/15:03:33.498286,$GPGGA,42.34063666666666,-71.09753666666667,6.5,327212.8922401377,4689728.597375823,19,T
2022/02/08/15:03:34.499029,$GPGGA,42.34063666666666,-71.09753666666667,6.5,327212.8922401377,4689728.597375823,19,T
2022/02/08/15:03:35.498847,$GPGGA,42.34063666666666,-71.09753666666667,6.5,327212.8922401377,4689728.597375823,19,T
2022/02/08/15:03:36.500670,$GPGGA,42.34063666666666,-71.09753666666667,6.5,327212.8922401377,4689728.597375823,19,T
2022/02/08/15:03:37.494269,$GPGGA,42.34063666666666,-71.09753666666667,6.5,327212.8922401377,4689728.597375823,19,T
2022/02/08/15:03:38.494479,$GPGGA,42.34063666666666,-71.09753666666667,6.5,327212.8922401377,4689728.597375823,19,T
2022/02/08/15:03:39.498669,$GPGGA,42.34063666666666,-71.09753666666667,6.5,327212.8922401377,4689728.597375823,19,T
2022/02/08/15:03:40.500800,$GPGGA,42.34063666666666,-71.09753666666667,6.5,327212.8922401377,4689728.597375823,19,T
2022/02/08/15:03:41.498927,$GPGGA,42.34063666666666,-71.09753666666667,6.5,327212.8922401377,4689728.597375823,19,T
2022/02/08/15:03:42.493902,$GPGGA,42.34063666666666,-71.09753666666667,6.5,327212.8922401377,4689728.597375823,19,T
2022/02/08/15:03:43.491823,$GPGGA,42.34063666666666,-71.09753666666667,6.5,327212.8922401377,4689728.597375823,19,T
2022/02/08/15:03:44.500119,$GPGGA,42.34063666666666,-71.09753666666667,6.5,327212.8922401377,4689728.597375823,19,T
2022/02/08/15:03:45.493616,$GPGGA,42.34063666666666,-71.09753666666667,6.5,327212.8922401377,4689728.597375823,19,T
2022/02/08/15:03:46.492555,$GPGGA,42.34063666666666,-71.09753666666667,6.5,327212.8922401377,4689728.597375823,19,T
2022/02/08/15:03:47.498175,$GPGGA,42.34063666666666,-71.09753666666667,6.5,327212.8922401377,4689728.597375823,19,T
2022/02/08/15:03:48.499844,$GPGGA,42.34063666666666,-71.09753666666667,6.5,327212.8922401377,4689728.597375823,19,T
2022/02/08/15:03:49.492967,$GPGGA,42.34063666666666,-71.09753666666667,6.5,327212.8922401377,4689728.597375823,19,T
2022/02/08/15:03:50.492476,$GPGGA,42.34063666666666,-71.09753666666667,6.5,327212.8922401377,4689728.597375823,19,T
2022/02/08/15:03:51.498465,$GPGGA,42.34063666666666,-71.09753666666667,6.5,327212.8922401377,4689728.597375823,19,T
2022/02/08/15:03:52.498645,$GPGGA,42.34063666666666,-71.09753666666667,6.5,327212.8922401377,4689728.597375823,19,T
2022/02/08/15:03:53.498434,$GPGGA,42.34063666666666,-71.09753666666667,6.5,327212.8922401377,4689728.597375823,19,T
2022/02/08/15:03:54.499592,$GPGGA,42.34063666666666,-71.09753666666667,6.5,327212.8922401377,4689728.597375823,19,T
2022/02/08/15:03:55.498619,$GPGGA,42.34063666666666,-71.09753666666667,6.5,327212.8922401377,4689728.597375823,19,T
2022/02/08/15:03:56.493745,$GPGGA,42.34063666666666,-71.09753666666667,6.4,327212.8922401377,4689728.597375823,19,T
2022/02/08/15:03:57.494724,$GPGGA,42.34063666666666,-71.09753666666667,6.4,327212.8922401377,4689728.597375823,19,T
2022/02/08/15:03:58.498914,$GPGGA,42.34063666666666,-71.09753666666667,6.4,327212.8922401377,4689728.597375823,19,T
2022/02/08/15:03:59.492369,$GPGGA,42.34063666666666,-71.09753666666667,6.4,327212.8922401377,4689728.597375823,19,T
2022/02/08/15:04:00.499252,$GPGGA,42.34063666666666,-71.09753666666667,6.4,327212.8922401377,4689728.597375823,19,T
2022/02/08/15:04:01.492939,$GPGGA,42.34063666666666,-71.09753666666667,6.4,327212.8922401377,4689728.597375823,19,T
2022/02/08/15:04:02.493098,$GPGGA,42.34063666666666,-71.09753666666667,6.4,327212.8922401377,4689728.597375823,19,T
2022/02/08/15:04:03.497872,$GPGGA,42.34063666666666,-71.09753666666667,6.4,327212.8922401377,4689728.597375823,19,T
2022/02/08/15:04:04.497816,$GPGGA,42.34063666666666,-71.09753666666667,6.4,327212.8922401377,4689728.597375823,19,T
2022/02/08/15:04:05.503538,$GPGGA,42.34063666666666,-71.09753666666667,6.4,327212.8922401377,4689728.597375823,19,T
2022/02/08/15:04:06.499459,$GPGGA,42.34063666666666,-71.09753666666667,6.4,327212.8922401377,4689728.597375823,19,T
2022/02/08/15:04:07.490202,$GPGGA,42.34063666666666,-71.09753666666667,6.4,327212.8922401377,4689728.597375823,19,T
2022/02/08/15:04:08.497663,$GPGGA,42.340635000000006,-71.09753666666667,6.4,327212.88767470926,4689728.412305001,19,T
2022/02/08/15:04:09.497111,$GPGGA,42.340635000000006,-71.09753666666667,6.4,327212.88767470926,4689728.412305001,19,T
2022/02/08/15:04:10.491580,$GPGGA,42.340635000000006,-71.09753666666667,6.4,327212.88767470926,4689728.412305001,19,T
2022/02/08/15:04:11.492467,$GPGGA,42.340635000000006,-71.09753666666667,6.4,327212.88767470926,4689728.412305001,19,T
2022/02/08/15:04:12.495670,$GPGGA,42.340635000000006,-71.09753666666667,6.4,327212.88767470926,4689728.412305001,19,T
2022/02/08/15:04:13.498172,$GPGGA,42.340635000000006,-71.09753666666667,6.4,327212.88767470926,4689728.412305001,19,T
2022/02/08/15:04:14.492377,$GPGGA,42.340635000000006,-71.09753666666667,6.4,327212.88767470926,4689728.412305001,19,T
2022/02/08/15:04:15.491827,$GPGGA,42.340635000000006,-71.09753666666667,6.4,327212.88767470926,4689728.412305001,19,T
2022/02/08/15:04:16.498485,$GPGGA,42.340635000000006,-71.09753666666667,6.4,327212.88767470926,4689728.412305001,19,T
2022/02/08/15:04:17.493606,$GPGGA,42.340635000000006,-71.09753666666667,6.4,327212.88767470926,4689728.412305001,19,T
2022/02/08/15:04:18.494318,$GPGGA,42.340635000000006,-71.09753666666667,6.4,327212.88767470926,4689728.412305001,19,T
2022/02/08/15:04:19.493086,$GPGGA,42.340635000000006,-71.09753666666667,6.4,327212.88767470926,4689728.412305001,19,T
2022/02/08/15:04:20.493902,$GPGGA,42.340635000000006,-71.09753666666667,6.4,327212.88767470926,4689728.412305001,19,T
2022/02/08/15:04:21.499497,$GPGGA,42.340635000000006,-71.09753666666667,6.4,327212.88767470926,4689728.412305001,19,T
2022/02/08/15:04:22.492878,$GPGGA,42.340635000000006,-71.09753666666667,6.4,327212.88767470926,4689728.412305001,19,T
2022/02/08/15:04:23.499619,$GPGGA,42.340635000000006,-71.09753666666667,6.4,327212.88767470926,4689728.412305001,19,T
2022/02/08/15:04:24.495072,$GPGGA,42.340635000000006,-71.09753666666667,6.4,327212.88767470926,4689728.412305001,19,T
2022/02/08/15:04:25.498263,$GPGGA,42.340635000000006,-71.09753666666667,6.4,327212.88767470926,4689728.412305001,19,T
2022/02/08/15:04:26.493024,$GPGGA,42.340635000000006,-71.09753666666667,6.4,327212.88767470926,4689728.412305001,19,T
2022/02/08/15:04:27.493224,$GPGGA,42.340635000000006,-71.09753666666667,6.4,327212.88767470926,4689728.412305001,19,T
2022/02/08/15:04:28.493860,$GPGGA,42.340635000000006,-71.09753666666667,6.4,327212.88767470926,4689728.412305001,19,T
2022/02/08/15:04:29.491735,$GPGGA,42.340635000000006,-71.09753666666667,6.4,327212.88767470926,4689728.412305001,19,T
2022/02/08/15:04:30.490506,$GPGGA,42.340635000000006,-71.09753833333333,6.4,327212.7503752479,4689728.415691981,19,T
2022/02/08/15:04:31.499360,$GPGGA,42.340635000000006,-71.09753833333333,6.4,327212.7503752479,4689728.415691981,19,T
2022/02/08/15:04:32.490038,$GPGGA,42.340635000000006,-71.09753833333333,6.4,327212.7503752479,4689728.415691981,19,T
2022/02/08/15:04:33.491279,$GPGGA,42.340635000000006,-71.09753833333333,6.4,327212.7503752479,4689728.415691981,19,T
2022/02/08/15:04:34.491505,$GPGGA,42.340635000000006,-71.09753833333333,6.3,327212.7503752479,4689728.415691981,19,T
2022/02/08/15:04:35.501075,$GPGGA,42.340635000000006,-71.09753833333333,6.3,327212.7503752479,4689728.415691981,19,T
2022/02/08/15:04:36.491703,$GPGGA,42.340635000000006,-71.09753833333333,6.3,327212.7503752479,4689728.415691981,19,T
2022/02/08/15:04:37.490742,$GPGGA,42.340635000000006,-71.09753833333333,6.3,327212.7503752479,4689728.415691981,19,T
2022/02/08/15:04:38.494356,$GPGGA,42.340635000000006,-71.09753833333333,6.3,327212.7503752479,4689728.415691981,19,T
2022/02/08/15:04:39.492723,$GPGGA,42.340635000000006,-71.09753666666667,6.3,327212.88767470926,4689728.412305001,19,T
2022/02/08/15:04:40.489612,$GPGGA,42.340635000000006,-71.09753666666667,6.4,327212.88767470926,4689728.412305001,19,T
2022/02/08/15:04:41.490120,$GPGGA,42.340635000000006,-71.09753666666667,6.4,327212.88767470926,4689728.412305001,19,T
2022/02/08/15:04:42.496363,$GPGGA,42.340635000000006,-71.09753666666667,6.4,327212.88767470926,4689728.412305001,19,T
2022/02/08/15:04:43.489637,$GPGGA,42.340635000000006,-71.09753666666667,6.4,327212.88767470926,4689728.412305001,19,T
2022/02/08/15:04:44.489675,$GPGGA,42.340635000000006,-71.09753666666667,6.4,327212.88767470926,4689728.412305001,19,T
2022/02/08/15:04:45.494608,$GPGGA,42.340635000000006,-71.09753666666667,6.4,327212.88767470926,4689728.412305001,19,T
2022/02/08/15:04:46.496643,$GPGGA,42.340635000000006,-71.09753833333333,6.2,327212.7503752479,4689728.415691981,19,T
2022/02/08/15:04:47.503653,$GPGGA,42.340635000000006,-71.09753833333333,6.2,327212.7503752479,4689728.415691981,19,T
2022/02/08/15:04:48.498295,$GPGGA,42.340635000000006,-71.09753833333333,6.2,327212.7503752479,4689728.415691981,19,T
2022/02/08/15:04:49.493064,$GPGGA,42.340635000000006,-71.09753833333333,6.2,327212.7503752479,4689728.415691981,19,T
2022/02/08/15:04:50.492815,$GPGGA,42.340635000000006,-71.09753833333333,6.1,327212.7503752479,4689728.415691981,19,T
2022/02/08/15:04:51.497763,$GPGGA,42.340635000000006,-71.09753833333333,6.1,327212.7503752479,4689728.415691981,19,T
2022/02/08/15:04:52.504159,$GPGGA,42.340635000000006,-71.09753833333333,6.1,327212.7503752479,4689728.415691981,19,T
2022/02/08/15:04:53.498136,$GPGGA,42.340635000000006,-71.09753833333333,6.1,327212.7503752479,4689728.415691981,19,T
2022/02/08/15:04:54.498669,$GPGGA,42.340635000000006,-71.09753833333333,6.1,327212.7503752479,4689728.415691981,19,T
2022/02/08/15:04:55.492819,$GPGGA,42.340635000000006,-71.09753833333333,6.1,327212.7503752479,4689728.415691981,19,T
2022/02/08/15:04:56.498287,$GPGGA,42.340635000000006,-71.09753833333333,6.1,327212.7503752479,4689728.415691981,19,T
2022/02/08/15:04:57.504081,$GPGGA,42.340635000000006,-71.09753833333333,6.1,327212.7503752479,4689728.415691981,19,T
2022/02/08/15:04:58.497747,$GPGGA,42.340635000000006,-71.09753833333333,6.1,327212.7503752479,4689728.415691981,19,T
2022/02/08/15:04:59.497555,$GPGGA,42.340635000000006,-71.09753833333333,6.1,327212.7503752479,4689728.415691981,19,T
2022/02/08/15:05:00.495214,$GPGGA,42.340635000000006,-71.09753833333333,6.1,327212.7503752479,4689728.415691981,19,T
2022/02/08/15:05:01.499254,$GPGGA,42.340635000000006,-71.09753833333333,6.1,327212.7503752479,4689728.415691981,19,T
2022/02/08/15:05:02.497652,$GPGGA,42.340635000000006,-71.09753833333333,6.1,327212.7503752479,4689728.415691981,19,T
2022/02/08/15:05:03.497417,$GPGGA,42.340635000000006,-71.09753833333333,6.1,327212.7503752479,4689728.415691981,19,T
2022/02/08/15:05:04.499002,$GPGGA,42.340635000000006,-71.09753833333333,6.1,327212.7503752479,4689728.415691981,19,T
2022/02/08/15:05:05.498613,$GPGGA,42.340635000000006,-71.09753833333333,6.1,327212.7503752479,4689728.415691981,19,T
2022/02/08/15:05:06.498894,$GPGGA,42.340635000000006,-71.09753833333333,6.1,327212.7503752479,4689728.415691981,19,T
2022/02/08/15:05:07.498472,$GPGGA,42.340635000000006,-71.09753833333333,6.1,327212.7503752479,4689728.415691981,19,T
2022/02/08/15:05:08.493145,$GPGGA,42.340635000000006,-71.09753833333333,6.1,327212.7503752479,4689728.415691981,19,T
2022/02/08/15:05:09.501032,$GPGGA,42.340635000000006,-71.09753833333333,6.1,327212.7503752479,4689728.415691981,19,T
2022/02/08/15:05:10.497883,$GPGGA,42.340635000000006,-71.09753833333333,6.1,327212.7503752479,4689728.415691981,19,T
2022/02/08/15:05:11.499759,$GPGGA,42.340635000000006,-71.09753833333333,6.1,327212.7503752479,4689728.415691981,19,T
2022/02/08/15:05:12.500513,$GPGGA,42.340635000000006,-71.09753833333333,6.1,327212.7503752479,4689728.415691981,19,T
2022/02/08/15:05:13.498936,$GPGGA,42.340635000000006,-71.09753833333333,6.1,327212.7503752479,4689728.415691981,19,T
2022/02/08/15:05:14.499072,$GPGGA,42.340635000000006,-71.09753833333333,6.1,327212.7503752479,4689728.415691981,19,T
2022/02/08/15:05:15.499101,$GPGGA,42.340635000000006,-71.09753833333333,6.1,327212.7503752479,4689728.415691981,19,T
2022/02/08/15:05:16.498988,$GPGGA,42.340635000000006,-71.09753833333333,6.1,327212.7503752479,4689728.415691981,19,T
2022/02/08/15:05:17.499333,$GPGGA,42.340635000000006,-71.09753833333333,6.1,327212.7503752479,4689728.415691981,19,T
2022/02/08/15:05:18.493675,$GPGGA,42.340635000000006,-71.09753833333333,6.1,327212.7503752479,4689728.415691981,19,T
2022/02/08/15:05:19.498193,$GPGGA,42.340635000000006,-71.09753833333333,6.1,327212.7503752479,4689728.415691981,19,T
2022/02/08/15:05:20.498603,$GPGGA,42.340635000000006,-71.09753833333333,6.1,327212.7503752479,4689728.415691981,19,T
2022/02/08/15:05:21.499378,$GPGGA,42.340635000000006,-71.09753833333333,6.1,327212.7503752479,4689728.415691981,19,T
2022/02/08/15:05:22.498131,$GPGGA,42.340635000000006,-71.09753833333333,6.1,327212.7503752479,4689728.415691981,19,T
2022/02/08/15:05:23.498073,$GPGGA,42.34063666666666,-71.09753833333333,6.1,327212.75494068,4689728.600762803,19,T
2022/02/08/15:05:24.494273,$GPGGA,42.34063666666666,-71.09753833333333,6.1,327212.75494068,4689728.600762803,19,T
2022/02/08/15:05:25.499476,$GPGGA,42.34063666666666,-71.09753833333333,6.1,327212.75494068,4689728.600762803,19,T
2022/02/08/15:05:26.498033,$GPGGA,42.34063666666666,-71.09753833333333,6.1,327212.75494068,4689728.600762803,19,T
2022/02/08/15:05:27.497839,$GPGGA,42.34063666666666,-71.09753833333333,6.1,327212.75494068,4689728.600762803,19,T
2022/02/08/15:05:28.499339,$GPGGA,42.34063666666666,-71.09753833333333,6.1,327212.75494068,4689728.600762803,19,T
2022/02/08/15:05:29.499264,$GPGGA,42.34063666666666,-71.09753833333333,6.1,327212.75494068,4689728.600762803,19,T
2022/02/08/15:05:30.500135,$GPGGA,42.34063666666666,-71.09753833333333,6.1,327212.75494068,4689728.600762803,19,T
2022/02/08/15:05:31.498640,$GPGGA,42.34063666666666,-71.09753833333333,6.1,327212.75494068,4689728.600762803,19,T
2022/02/08/15:05:32.499242,$GPGGA,42.34063666666666,-71.09753833333333,6.1,327212.75494068,4689728.600762803,19,T
2022/02/08/15:05:33.498854,$GPGGA,42.34063666666666,-71.09753833333333,6.1,327212.75494068,4689728.600762803,19,T
2022/02/08/15:05:34.497915,$GPGGA,42.34063666666666,-71.09753833333333,6.1,327212.75494068,4689728.600762803,19,T
2022/02/08/15:05:35.497827,$GPGGA,42.34063666666666,-71.09753833333333,6.1,327212.75494068,4689728.600762803,19,T
2022/02/08/15:05:36.499440,$GPGGA,42.34063666666666,-71.09753833333333,6.1,327212.75494068,4689728.600762803,19,T
2022/02/08/15:05:37.493947,$GPGGA,42.34063666666666,-71.09753833333333,6.1,327212.75494068,4689728.600762803,19,T
2022/02/08/15:05:38.498565,$GPGGA,42.34063666666666,-71.09753833333333,6.1,327212.75494068,4689728.600762803,19,T
2022/02/08/15:05:39.497545,$GPGGA,42.34063666666666,-71.09753666666667,6.1,327212.8922401377,4689728.597375823,19,T
2022/02/08/15:05:40.499443,$GPGGA,42.34063666666666,-71.09753666666667,6.1,327212.8922401377,4689728.597375823,19,T
2022/02/08/15:05:41.499305,$GPGGA,42.34063666666666,-71.09753666666667,6.1,327212.8922401377,4689728.597375823,19,T
2022/02/08/15:05:42.500418,$GPGGA,42.34063666666666,-71.09753666666667,6.1,327212.8922401377,4689728.597375823,19,T
2022/02/08/15:05:43.503359,$GPGGA,42.34063666666666,-71.09753666666667,6.1,327212.8922401377,4689728.597375823,19,T
2022/02/08/15:05:44.498580,$GPGGA,42.34063666666666,-71.09753666666667,6.1,327212.8922401377,4689728.597375823,19,T
2022/02/08/15:05:45.499754,$GPGGA,42.34063666666666,-71.09753666666667,6.1,327212.8922401377,4689728.597375823,19,T
2022/02/08/15:05:46.499122,$GPGGA,42.34063666666666,-71.09753666666667,6.1,327212.8922401377,4689728.597375823,19,T
2022/02/08/15:05:47.498933,$GPGGA,42.34063666666666,-71.09753666666667,6.1,327212.8922401377,4689728.597375823,19,T
2022/02/08/15:05:48.494400,$GPGGA,42.34063666666666,-71.09753666666667,6.1,327212.8922401377,4689728.597375823,19,T
2022/02/08/15:05:49.499807,$GPGGA,42.34063666666666,-71.09753666666667,6.1,327212.8922401377,4689728.597375823,19,T
2022/02/08/15:05:50.498687,$GPGGA,42.34063666666666,-71.09753666666667,6.1,327212.8922401377,4689728.597375823,19,T
2022/02/08/15:05:51.498845,$GPGGA,42.34063666666666,-71.09753666666667,6.1,327212.8922401377,4689728.597375823,19,T
2022/02/08/15:05:52.499042,$GPGGA,42.34063666666666,-71.09753666666667,6.1,327212.8922401377,4689728.597375823,19,T
2022/02/08/15:05:53.504837,$GPGGA,42.34063666666666,-71.09753666666667,6.1,327212.8922401377,4689728.597375823,19,T
2022/02/08/15:05:54.499301,$GPGGA,42.34063666666666,-71.09753666666667,6.1,327212.8922401377,4689728.597375823,19,T
2022/02/08/15:05:55.497790,$GPGGA,42.34063666666666,-71.09753666666667,6.1,327212.8922401377,4689728.597375823,19,T
2022/02/08/15:05:56.493562,$GPGGA,42.34063666666666,-71.09753666666667,6.1,327212.8922401377,4689728.597375823,19,T
2022/02/08/15:05:57.500140,$GPGGA,42.34063666666666,-71.09753666666667,6.1,327212.8922401377,4689728.597375823,19,T
2022/02/08/15:05:58.498095,$GPGGA,42.34063666666666,-71.09753666666667,6.1,327212.8922401377,4689728.597375823,19,T
2022/02/08/15:05:59.497938,$GPGGA,42.34063666666666,-71.09753666666667,6.1,327212.8922401377,4689728.597375823,19,T
2022/02/08/15:06:00.499917,$GPGGA,42.34063666666666,-71.09753666666667,6.1,327212.8922401377,4689728.597375823,19,T
2022/02/08/15:06:01.500239,$GPGGA,42.34063666666666,-71.09753666666667,6.1,327212.8922401377,4689728.597375823,19,T
2022/02/08/15:06:02.498998,$GPGGA,42.34063666666666,-71.09753666666667,6.1,327212.8922401377,4689728.597375823,19,T
2022/02/08/15:06:03.498162,$GPGGA,42.34063666666666,-71.09753666666667,6.1,327212.8922401377,4689728.597375823,19,T
2022/02/08/15:06:04.499081,$GPGGA,42.34063666666666,-71.09753666666667,6.1,327212.8922401377,4689728.597375823,19,T
2022/02/08/15:06:05.499198,$GPGGA,42.34063666666666,-71.09753666666667,6.1,327212.8922401377,4689728.597375823,19,T
2022/02/08/15:06:06.493561,$GPGGA,42.34063666666666,-71.09753666666667,6.1,327212.8922401377,4689728.597375823,19,T
2022/02/08/15:06:07.498271,$GPGGA,42.34063666666666,-71.09753666666667,6.1,327212.8922401377,4689728.597375823,19,T
2022/02/08/15:06:08.499108,$GPGGA,42.34063666666666,-71.09753666666667,6.1,327212.8922401377,4689728.597375823,19,T
2022/02/08/15:06:09.500135,$GPGGA,42.34063666666666,-71.09753666666667,6.1,327212.8922401377,4689728.597375823,19,T
2022/02/08/15:06:10.499124,$GPGGA,42.34063666666666,-71.09753666666667,6.1,327212.8922401377,4689728.597375823,19,T
2022/02/08/15:06:11.498590,$GPGGA,42.34063666666666,-71.09753666666667,6.1,327212.8922401377,4689728.597375823,19,T
2022/02/08/15:06:12.500492,$GPGGA,42.34063666666666,-71.09753666666667,6.1,327212.8922401377,4689728.597375823,19,T
2022/02/08/15:06:13.499025,$GPGGA,42.34063666666666,-71.09753666666667,6.1,327212.8922401377,4689728.597375823,19,T
2022/02/08/15:06:14.498581,$GPGGA,42.34063666666666,-71.09753666666667,6.1,327212.8922401377,4689728.597375823,19,T
2022/02/08/15:06:15.504245,$GPGGA,42.34063666666666,-71.09753666666667,6.1,327212.8922401377,4689728.597375823,19,T
2022/02/08/15:06:16.499651,$GPGGA,42.34063666666666,-71.09753666666667,6.1,327212.8922401377,4689728.597375823,19,T
2022/02/08/15:06:17.498818,$GPGGA,42.34063666666666,-71.09753666666667,6.1,327212.8922401377,4689728.597375823,19,T
2022/02/08/15:06:18.498978,$GPGGA,42.34063666666666,-71.09753666666667,6.2,327212.8922401377,4689728.597375823,19,T
2022/02/08/15:06:19.498675,$GPGGA,42.34063666666666,-71.09753666666667,6.2,327212.8922401377,4689728.597375823,19,T
2022/02/08/15:06:20.494083,$GPGGA,42.34063666666666,-71.09753666666667,6.2,327212.8922401377,4689728.597375823,19,T
2022/02/08/15:06:21.499166,$GPGGA,42.34063666666666,-71.09753666666667,6.2,327212.8922401377,4689728.597375823,19,T
2022/02/08/15:06:22.498420,$GPGGA,42.34063666666666,-71.09753666666667,6.2,327212.8922401377,4689728.597375823,19,T
2022/02/08/15:06:23.498380,$GPGGA,42.34063666666666,-71.09753666666667,6.2,327212.8922401377,4689728.597375823,19,T
2022/02/08/15:06:24.499542,$GPGGA,42.34063666666666,-71.09753666666667,6.2,327212.8922401377,4689728.597375823,19,T
2022/02/08/15:06:25.504719,$GPGGA,42.34063666666666,-71.09753666666667,6.2,327212.8922401377,4689728.597375823,19,T
2022/02/08/15:06:26.497962,$GPGGA,42.34063666666666,-71.09753666666667,6.2,327212.8922401377,4689728.597375823,19,T
2022/02/08/15:06:27.498838,$GPGGA,42.34063666666666,-71.09753666666667,6.2,327212.8922401377,4689728.597375823,19,T
2022/02/08/15:06:28.498732,$GPGGA,42.34063666666666,-71.09753666666667,6.2,327212.8922401377,4689728.597375823,19,T
2022/02/08/15:06:29.499150,$GPGGA,42.34063666666666,-71.09753666666667,6.2,327212.8922401377,4689728.597375823,19,T
2022/02/08/15:06:30.494023,$GPGGA,42.34063666666666,-71.09753666666667,6.2,327212.8922401377,4689728.597375823,19,T
2022/02/08/15:06:31.498172,$GPGGA,42.34063666666666,-71.09753666666667,6.2,327212.8922401377,4689728.597375823,19,T
2022/02/08/15:06:32.500003,$GPGGA,42.34063666666666,-71.09753666666667,6.2,327212.8922401377,4689728.597375823,19,T
2022/02/08/15:06:33.499467,$GPGGA,42.34063666666666,-71.09753666666667,6.2,327212.8922401377,4689728.597375823,19,T
2022/02/08/15:06:34.498044,$GPGGA,42.34063666666666,-71.09753666666667,6.2,327212.8922401377,4689728.597375823,19,T
2022/02/08/15:06:35.498285,$GPGGA,42.34063666666666,-71.09753666666667,6.2,327212.8922401377,4689728.597375823,19,T
2022/02/08/15:06:36.494189,$GPGGA,42.34063666666666,-71.09753666666667,6.2,327212.8922401377,4689728.597375823,19,T
2022/02/08/15:06:37.493466,$GPGGA,42.34063666666666,-71.09753666666667,6.2,327212.8922401377,4689728.597375823,19,T
2022/02/08/15:06:38.493385,$GPGGA,42.34063666666666,-71.09753666666667,6.2,327212.8922401377,4689728.597375823,19,T
2022/02/08/15:06:39.498378,$GPGGA,42.34063666666666,-71.09753666666667,6.2,327212.8922401377,4689728.597375823,19,T
2022/02/08/15:06:40.498926,$GPGGA,42.34063666666666,-71.09753666666667,6.2,327212.8922401377,4689728.597375823,19,T
2022/02/08/15:06:41.505385,$GPGGA,42.34063666666666,-71.09753666666667,6.2,327212.8922401377,4689728.597375823,19,T
2022/02/08/15:06:42.500483,$GPGGA,42.34063666666666,-71.09753666666667,6.2,327212.8922401377,4689728.597375823,19,T
2022/02/08/15:06:43.493039,$GPGGA,42.34063666666666,-71.09753666666667,6.2,327212.8922401377,4689728.597375823,19,T
2022/02/08/15:06:44.493450,$GPGGA,42.34063666666666,-71.09753666666667,6.2,327212.8922401377,4689728.597375823,19,T
2022/02/08/15:06:45.499692,$GPGGA,42.34063666666666,-71.09753666666667,6.2,327212.8922401377,4689728.597375823,19,T
2022/02/08/15:06:46.498180,$GPGGA,42.34063666666666,-71.09753500000001,6.2,327213.02953959536,4689728.593988846,19,T
2022/02/08/15:06:47.498918,$GPGGA,42.34063666666666,-71.09753500000001,6.2,327213.02953959536,4689728.593988846,19,T
2022/02/08/15:06:48.499940,$GPGGA,42.34063666666666,-71.09753500000001,6.2,327213.02953959536,4689728.593988846,19,T
2022/02/08/15:06:49.499990,$GPGGA,42.34063666666666,-71.09753500000001,6.2,327213.02953959536,4689728.593988846,19,T
2022/02/08/15:06:50.498809,$GPGGA,42.34063666666666,-71.09753500000001,6.2,327213.02953959536,4689728.593988846,19,T
2022/02/08/15:06:51.498199,$GPGGA,42.34063666666666,-71.09753500000001,6.2,327213.02953959536,4689728.593988846,19,T
2022/02/08/15:06:52.499786,$GPGGA,42.34063666666666,-71.09753500000001,6.2,327213.02953959536,4689728.593988846,19,T
2022/02/08/15:06:53.499264,$GPGGA,42.34063666666666,-71.09753500000001,6.2,327213.02953959536,4689728.593988846,19,T
2022/02/08/15:06:54.493667,$GPGGA,42.34063666666666,-71.09753500000001,6.2,327213.02953959536,4689728.593988846,19,T
2022/02/08/15:06:55.498553,$GPGGA,42.34063666666666,-71.09753500000001,6.2,327213.02953959536,4689728.593988846,19,T
2022/02/08/15:06:56.499760,$GPGGA,42.34063666666666,-71.09753500000001,6.2,327213.02953959536,4689728.593988846,19,T
2022/02/08/15:06:57.500438,$GPGGA,42.34063666666666,-71.09753500000001,6.2,327213.02953959536,4689728.593988846,19,T
2022/02/08/15:06:58.498346,$GPGGA,42.34063666666666,-71.09753500000001,6.2,327213.02953959536,4689728.593988846,19,T
2022/02/08/15:06:59.498504,$GPGGA,42.34063666666666,-71.09753500000001,6.2,327213.02953959536,4689728.593988846,19,T
2022/02/08/15:07:00.494210,$GPGGA,42.34063666666666,-71.09753500000001,6.2,327213.02953959536,4689728.593988846,19,T
2022/02/08/15:07:01.493521,$GPGGA,42.34063666666666,-71.09753500000001,6.2,327213.02953959536,4689728.593988846,19,T
2022/02/08/15:07:02.498664,$GPGGA,42.34063666666666,-71.09753500000001,6.2,327213.02953959536,4689728.593988846,19,T
2022/02/08/15:07:03.498214,$GPGGA,42.34063666666666,-71.09753500000001,6.2,327213.02953959536,4689728.593988846,19,T
2022/02/08/15:07:04.499035,$GPGGA,42.34063666666666,-71.09753500000001,6.2,327213.02953959536,4689728.593988846,19,T
2022/02/08/15:07:05.499278,$GPGGA,42.34063666666666,-71.09753500000001,6.2,327213.02953959536,4689728.593988846,19,T
2022/02/08/15:07:06.500293,$GPGGA,42.34063666666666,-71.09753500000001,6.2,327213.02953959536,4689728.593988846,19,T
2022/02/08/15:07:07.505028,$GPGGA,42.34063666666666,-71.09753500000001,6.2,327213.02953959536,4689728.593988846,19,T
2022/02/08/15:07:08.494096,$GPGGA,42.34063666666666,-71.09753500000001,6.2,327213.02953959536,4689728.593988846,19,T
2022/02/08/15:07:09.499408,$GPGGA,42.34063666666666,-71.09753500000001,6.2,327213.02953959536,4689728.593988846,19,T
2022/02/08/15:07:10.499077,$GPGGA,42.34063666666666,-71.09753500000001,6.2,327213.02953959536,4689728.593988846,19,T
2022/02/08/15:07:11.498194,$GPGGA,42.34063666666666,-71.09753500000001,6.2,327213.02953959536,4689728.593988846,19,T
2022/02/08/15:07:12.499750,$GPGGA,42.34063666666666,-71.09753500000001,6.2,327213.02953959536,4689728.593988846,19,T
2022/02/08/15:07:13.499650,$GPGGA,42.34063666666666,-71.09753500000001,6.2,327213.02953959536,4689728.593988846,19,T
2022/02/08/15:07:14.492266,$GPGGA,42.34063666666666,-71.09753500000001,6.2,327213.02953959536,4689728.593988846,19,T
2022/02/08/15:07:15.499023,$GPGGA,42.34063666666666,-71.09753500000001,6.2,327213.02953959536,4689728.593988846,19,T
2022/02/08/15:07:16.499674,$GPGGA,42.34063666666666,-71.09753500000001,6.2,327213.02953959536,4689728.593988846,19,T
2022/02/08/15:07:17.499293,$GPGGA,42.34063666666666,-71.09753500000001,6.2,327213.02953959536,4689728.593988846,19,T
2022/02/08/15:07:18.499305,$GPGGA,42.34063666666666,-71.09753500000001,6.2,327213.02953959536,4689728.593988846,19,T
2022/02/08/15:07:19.498097,$GPGGA,42.34063666666666,-71.09753500000001,6.2,327213.02953959536,4689728.593988846,19,T
2022/02/08/15:07:20.499216,$GPGGA,42.34063666666666,-71.09753500000001,6.1,327213.02953959536,4689728.593988846,19,T
2022/02/08/15:07:21.499988,$GPGGA,42.34063666666666,-71.09753500000001,6.1,327213.02953959536,4689728.593988846,19,T
2022/02/08/15:07:22.498966,$GPGGA,42.34063666666666,-71.09753500000001,6.1,327213.02953959536,4689728.593988846,19,T
2022/02/08/15:07:23.498034,$GPGGA,42.34063666666666,-71.09753500000001,6.1,327213.02953959536,4689728.593988846,19,T
2022/02/08/15:07:24.500720,$GPGGA,42.34063666666666,-71.09753500000001,6.1,327213.02953959536,4689728.593988846,19,T
2022/02/08/15:07:25.499067,$GPGGA,42.34063666666666,-71.09753500000001,6.1,327213.02953959536,4689728.593988846,19,T
2022/02/08/15:07:26.493158,$GPGGA,42.34063666666666,-71.09753500000001,6.1,327213.02953959536,4689728.593988846,19,T
2022/02/08/15:07:27.499819,$GPGGA,42.34063666666666,-71.09753500000001,6.1,327213.02953959536,4689728.593988846,19,T
2022/02/08/15:07:28.497486,$GPGGA,42.34063666666666,-71.09753500000001,6.1,327213.02953959536,4689728.593988846,19,T
2022/02/08/15:07:29.498227,$GPGGA,42.34063666666666,-71.09753500000001,6.1,327213.02953959536,4689728.593988846,19,T
2022/02/08/15:07:30.493815,$GPGGA,42.34063666666666,-71.09753500000001,6.1,327213.02953959536,4689728.593988846,19,T
2022/02/08/15:07:31.491831,$GPGGA,42.34063666666666,-71.09753500000001,6.1,327213.02953959536,4689728.593988846,19,T
2022/02/08/15:07:32.492116,$GPGGA,42.34063666666666,-71.09753500000001,6.1,327213.02953959536,4689728.593988846,19,T
2022/02/08/15:07:33.492530,$GPGGA,42.34063666666666,-71.09753500000001,6.1,327213.02953959536,4689728.593988846,19,T
2022/02/08/15:07:34.497219,$GPGGA,42.34063666666666,-71.09753500000001,6.1,327213.02953959536,4689728.593988846,19,T
2022/02/08/15:07:35.496720,$GPGGA,42.34063666666666,-71.09753500000001,6.1,327213.02953959536,4689728.593988846,19,T
2022/02/08/15:07:36.497945,$GPGGA,42.34063666666666,-71.09753500000001,6.1,327213.02953959536,4689728.593988846,19,T
2022/02/08/15:07:37.498004,$GPGGA,42.34063666666666,-71.09753500000001,6.1,327213.02953959536,4689728.593988846,19,T
2022/02/08/15:07:38.502305,$GPGGA,42.34063666666666,-71.09753500000001,6.1,327213.02953959536,4689728.593988846,19,T
2022/02/08/15:07:39.496723,$GPGGA,42.34063666666666,-71.09753500000001,6.1,327213.02953959536,4689728.593988846,19,T
2022/02/08/15:07:40.498819,$GPGGA,42.34063666666666,-71.09753500000001,6.1,327213.02953959536,4689728.593988846,19,T
2022/02/08/15:07:41.497782,$GPGGA,42.34063666666666,-71.09753500000001,6.1,327213.02953959536,4689728.593988846,19,T
2022/02/08/15:07:42.494726,$GPGGA,42.34063666666666,-71.09753500000001,6.1,327213.02953959536,4689728.593988846,19,T
2022/02/08/15:07:43.502872,$GPGGA,42.34063666666666,-71.09753500000001,6.1,327213.02953959536,4689728.593988846,19,T
2022/02/08/15:07:44.498370,$GPGGA,42.34063666666666,-71.09753500000001,6.1,327213.02953959536,4689728.593988846,19,T
2022/02/08/15:07:45.498404,$GPGGA,42.34063666666666,-71.09753500000001,6.1,327213.02953959536,4689728.593988846,19,T
2022/02/08/15:07:46.497231,$GPGGA,42.34063666666666,-71.09753500000001,6.1,327213.02953959536,4689728.593988846,19,T
2022/02/08/15:07:47.497406,$GPGGA,42.34063666666666,-71.09753500000001,6.1,327213.02953959536,4689728.593988846,19,T
2022/02/08/15:07:48.493745,$GPGGA,42.34063666666666,-71.09753500000001,6.1,327213.02953959536,4689728.593988846,19,T
2022/02/08/15:07:49.498858,$GPGGA,42.34063666666666,-71.09753500000001,6.1,327213.02953959536,4689728.593988846,19,T
2022/02/08/15:07:50.496727,$GPGGA,42.34063666666666,-71.09753500000001,6.1,327213.02953959536,4689728.593988846,19,T
2022/02/08/15:07:51.496581,$GPGGA,42.34063666666666,-71.09753500000001,6.1,327213.02953959536,4689728.593988846,19,T
2022/02/08/15:07:52.497810,$GPGGA,42.34063666666666,-71.09753500000001,6.1,327213.02953959536,4689728.593988846,19,T
2022/02/08/15:07:53.497905,$GPGGA,42.34063666666666,-71.09753500000001,6.1,327213.02953959536,4689728.593988846,19,T
2022/02/08/15:07:54.497640,$GPGGA,42.34063666666666,-71.09753500000001,6.1,327213.02953959536,4689728.593988846,19,T
2022/02/08/15:07:55.492332,$GPGGA,42.34063666666666,-71.09753500000001,6.1,327213.02953959536,4689728.593988846,19,T
2022/02/08/15:07:56.498592,$GPGGA,42.34063666666666,-71.09753500000001,6.1,327213.02953959536,4689728.593988846,19,T
2022/02/08/15:07:57.498272,$GPGGA,42.34063666666666,-71.09753500000001,6.1,327213.02953959536,4689728.593988846,19,T
2022/02/08/15:07:58.503189,$GPGGA,42.34063666666666,-71.09753500000001,6.1,327213.02953959536,4689728.593988846,19,T
2022/02/08/15:07:59.496960,$GPGGA,42.34063666666666,-71.09753500000001,6.1,327213.02953959536,4689728.593988846,19,T
2022/02/08/15:08:00.498837,$GPGGA,42.34063666666666,-71.09753500000001,6.1,327213.02953959536,4689728.593988846,19,T
2022/02/08/15:08:01.492595,$GPGGA,42.34063666666666,-71.09753500000001,6.1,327213.02953959536,4689728.593988846,19,T
2022/02/08/15:08:02.491756,$GPGGA,42.34063666666666,-71.09753500000001,6.1,327213.02953959536,4689728.593988846,19,T
2022/02/08/15:08:03.502739,$GPGGA,42.34063666666666,-71.09753500000001,6.1,327213.02953959536,4689728.593988846,19,T
2022/02/08/15:08:04.498548,$GPGGA,42.34063666666666,-71.09753500000001,6.1,327213.02953959536,4689728.593988846,19,T
2022/02/08/15:08:05.498049,$GPGGA,42.34063666666666,-71.09753500000001,6.1,327213.02953959536,4689728.593988846,19,T
2022/02/08/15:08:06.499022,$GPGGA,42.34063666666666,-71.09753500000001,6.1,327213.02953959536,4689728.593988846,19,T
2022/02/08/15:08:07.492745,$GPGGA,42.34063666666666,-71.09753500000001,6.1,327213.02953959536,4689728.593988846,19,T
2022/02/08/15:08:08.504181,$GPGGA,42.34063666666666,-71.09753500000001,6.1,327213.02953959536,4689728.593988846,19,T
2022/02/08/15:08:09.498063,$GPGGA,42.34063666666666,-71.09753500000001,6.1,327213.02953959536,4689728.593988846,19,T
2022/02/08/15:08:10.497510,$GPGGA,42.34063666666666,-71.09753500000001,6.1,327213.02953959536,4689728.593988846,19,T
2022/02/08/15:08:11.497699,$GPGGA,42.34063666666666,-71.09753500000001,6.1,327213.02953959536,4689728.593988846,19,T
2022/02/08/15:08:12.494004,$GPGGA,42.34063666666666,-71.09753500000001,6.1,327213.02953959536,4689728.593988846,19,T
2022/02/08/15:08:13.498543,$GPGGA,42.34063666666666,-71.09753500000001,6.1,327213.02953959536,4689728.593988846,19,T
2022/02/08/15:08:14.497248,$GPGGA,42.34063666666666,-71.09753500000001,6.1,327213.02953959536,4689728.593988846,19,T
2022/02/08/15:08:15.497695,$GPGGA,42.34063666666666,-71.09753500000001,6.1,327213.02953959536,4689728.593988846,19,T
2022/02/08/15:08:16.499355,$GPGGA,42.34063666666666,-71.09753500000001,6.1,327213.02953959536,4689728.593988846,19,T
2022/02/08/15:08:17.498476,$GPGGA,42.34063666666666,-71.09753500000001,6.1,327213.02953959536,4689728.593988846,19,T
2022/02/08/15:08:18.498376,$GPGGA,42.34063666666666,-71.09753500000001,6.1,327213.02953959536,4689728.593988846,19,T
2022/02/08/15:08:19.497331,$GPGGA,42.34063666666666,-71.09753500000001,6.1,327213.02953959536,4689728.593988846,19,T
2022/02/08/15:08:20.492728,$GPGGA,42.34063666666666,-71.09753333333333,6.1,327213.16683905513,4689728.590601872,19,T
2022/02/08/15:08:21.498782,$GPGGA,42.34063666666666,-71.09753333333333,6.1,327213.16683905513,4689728.590601872,19,T
2022/02/08/15:08:22.498736,$GPGGA,42.34063666666666,-71.09753333333333,6.1,327213.16683905513,4689728.590601872,19,T
2022/02/08/15:08:23.497691,$GPGGA,42.34063666666666,-71.09753333333333,6.1,327213.16683905513,4689728.590601872,19,T
2022/02/08/15:08:24.499298,$GPGGA,42.34063666666666,-71.09753333333333,6.1,327213.16683905513,4689728.590601872,19,T
2022/02/08/15:08:25.499323,$GPGGA,42.34063666666666,-71.09753333333333,6.1,327213.16683905513,4689728.590601872,19,T
2022/02/08/15:08:26.497630,$GPGGA,42.34063666666666,-71.09753333333333,6.1,327213.16683905513,4689728.590601872,19,T
2022/02/08/15:08:27.497049,$GPGGA,42.34063666666666,-71.09753333333333,6.1,327213.16683905513,4689728.590601872,19,T
2022/02/08/15:08:28.498282,$GPGGA,42.34063666666666,-71.09753333333333,6.1,327213.16683905513,4689728.590601872,19,T
2022/02/08/15:08:29.498376,$GPGGA,42.34063666666666,-71.09753333333333,6.1,327213.16683905513,4689728.590601872,19,T
2022/02/08/15:08:30.493020,$GPGGA,42.34063666666666,-71.09753333333333,6.1,327213.16683905513,4689728.590601872,19,T
2022/02/08/15:08:31.497519,$GPGGA,42.34063666666666,-71.09753333333333,6.1,327213.16683905513,4689728.590601872,19,T
2022/02/08/15:08:32.498329,$GPGGA,42.34063666666666,-71.09753333333333,6.1,327213.16683905513,4689728.590601872,19,T
2022/02/08/15:08:33.499280,$GPGGA,42.34063666666666,-71.09753333333333,6.1,327213.16683905513,4689728.590601872,19,T
2022/02/08/15:08:34.497324,$GPGGA,42.34063666666666,-71.09753333333333,6.1,327213.16683905513,4689728.590601872,19,T
2022/02/08/15:08:35.497689,$GPGGA,42.34063666666666,-71.09753333333333,6.1,327213.16683905513,4689728.590601872,19,T
2022/02/08/15:08:36.494182,$GPGGA,42.34063666666666,-71.09753333333333,6.1,327213.16683905513,4689728.590601872,19,T
2022/02/08/15:08:37.498940,$GPGGA,42.34063666666666,-71.09753333333333,6.1,327213.16683905513,4689728.590601872,19,T
2022/02/08/15:08:38.498691,$GPGGA,42.34063666666666,-71.09753333333333,6.1,327213.16683905513,4689728.590601872,19,T
2022/02/08/15:08:39.497938,$GPGGA,42.34063666666666,-71.09753333333333,6.1,327213.16683905513,4689728.590601872,19,T
2022/02/08/15:08:40.497988,$GPGGA,42.34063666666666,-71.09753333333333,6.1,327213.16683905513,4689728.590601872,19,T
2022/02/08/15:08:41.498122,$GPGGA,42.34063666666666,-71.09753333333333,6.1,327213.16683905513,4689728.590601872,19,T
2022/02/08/15:08:42.497640,$GPGGA,42.34063666666666,-71.09753333333333,6.1,327213.16683905513,4689728.590601872,19,T
2022/02/08/15:08:43.492496,$GPGGA,42.34063666666666,-71.09753333333333,6.1,327213.16683905513,4689728.590601872,19,T
2022/02/08/15:08:44.491808,$GPGGA,42.34063666666666,-71.09753333333333,6.1,327213.16683905513,4689728.590601872,19,T
2022/02/08/15:08:45.498277,$GPGGA,42.34063666666666,-71.09753333333333,6.1,327213.16683905513,4689728.590601872,19,T
2022/02/08/15:08:46.496669,$GPGGA,42.34063666666666,-71.09753333333333,6.1,327213.16683905513,4689728.590601872,19,T
2022/02/08/15:08:47.497081,$GPGGA,42.34063666666666,-71.09753333333333,6.1,327213.16683905513,4689728.590601872,19,T
2022/02/08/15:08:48.499259,$GPGGA,42.34063666666666,-71.09753333333333,6.1,327213.16683905513,4689728.590601872,19,T
2022/02/08/15:08:49.498364,$GPGGA,42.34063666666666,-71.09753333333333,6.1,327213.16683905513,4689728.590601872,19,T
2022/02/08/15:08:50.491707,$GPGGA,42.34063666666666,-71.09753333333333,6.1,327213.16683905513,4689728.590601872,19,T
2022/02/08/15:08:51.497109,$GPGGA,42.34063666666666,-71.09753333333333,6.1,327213.16683905513,4689728.590601872,19,T
2022/02/08/15:08:52.498395,$GPGGA,42.34063666666666,-71.09753333333333,6.1,327213.16683905513,4689728.590601872,19,T
2022/02/08/15:08:53.498397,$GPGGA,42.34063666666666,-71.09753333333333,6.1,327213.16683905513,4689728.590601872,19,T
2022/02/08/15:08:54.504157,$GPGGA,42.34063666666666,-71.09753333333333,6.1,327213.16683905513,4689728.590601872,19,T
2022/02/08/15:08:55.492324,$GPGGA,42.34063666666666,-71.09753333333333,6.1,327213.16683905513,4689728.590601872,19,T
2022/02/08/15:08:56.503242,$GPGGA,42.34063666666666,-71.09753333333333,6.1,327213.16683905513,4689728.590601872,19,T
2022/02/08/15:08:57.498207,$GPGGA,42.34063666666666,-71.09753333333333,6.1,327213.16683905513,4689728.590601872,19,T
2022/02/08/15:08:58.498220,$GPGGA,42.34063666666666,-71.09753333333333,6.1,327213.16683905513,4689728.590601872,19,T
2022/02/08/15:08:59.503004,$GPGGA,42.34063666666666,-71.09753333333333,6.1,327213.16683905513,4689728.590601872,19,T
2022/02/08/15:09:00.499526,$GPGGA,42.34063666666666,-71.09753333333333,6.1,327213.16683905513,4689728.590601872,19,T
2022/02/08/15:09:01.496522,$GPGGA,42.34063666666666,-71.09753333333333,6.1,327213.16683905513,4689728.590601872,19,T
2022/02/08/15:09:02.501140,$GPGGA,42.34063666666666,-71.09753333333333,6.1,327213.16683905513,4689728.590601872,19,T
2022/02/08/15:09:03.497917,$GPGGA,42.34063666666666,-71.09753333333333,6.1,327213.16683905513,4689728.590601872,19,T
2022/02/08/15:09:04.503746,$GPGGA,42.34063666666666,-71.09753333333333,6.1,327213.16683905513,4689728.590601872,19,T
2022/02/08/15:09:05.498417,$GPGGA,42.34063833333333,-71.09753333333333,6.1,327213.17140447645,4689728.775672696,19,T
2022/02/08/15:09:06.493074,$GPGGA,42.34063833333333,-71.09753333333333,6.1,327213.17140447645,4689728.775672696,19,T
2022/02/08/15:09:07.488444,$GPGGA,42.34063833333333,-71.09753333333333,6.1,327213.17140447645,4689728.775672696,19,T
2022/02/08/15:09:08.581878,$GPGGA,42.34063833333333,-71.09753333333333,6.1,327213.17140447645,4689728.775672696,19,T
2022/02/08/15:09:09.504816,$GPGGA,42.34063833333333,-71.09753333333333,6.1,327213.17140447645,4689728.775672696,19,T
2022/02/08/15:09:10.498488,$GPGGA,42.34063833333333,-71.09753333333333,6.1,327213.17140447645,4689728.775672696,19,T
2022/02/08/15:09:11.497537,$GPGGA,42.34063833333333,-71.09753333333333,6.1,327213.17140447645,4689728.775672696,19,T
2022/02/08/15:09:12.499727,$GPGGA,42.34063833333333,-71.09753333333333,6.1,327213.17140447645,4689728.775672696,19,T
2022/02/08/15:09:13.500666,$GPGGA,42.34063833333333,-71.09753333333333,6.1,327213.17140447645,4689728.775672696,19,T
2022/02/08/15:09:14.500143,$GPGGA,42.34063833333333,-71.09753333333333,6.1,327213.17140447645,4689728.775672696,19,T
2022/02/08/15:09:15.498829,$GPGGA,42.34063833333333,-71.09753333333333,6.1,327213.17140447645,4689728.775672696,19,T
2022/02/08/15:09:16.499499,$GPGGA,42.34063833333333,-71.09753333333333,6.1,327213.17140447645,4689728.775672696,19,T
2022/02/08/15:09:17.499634,$GPGGA,42.34063833333333,-71.09753333333333,6.1,327213.17140447645,4689728.775672696,19,T
2022/02/08/15:09:18.493556,$GPGGA,42.34063833333333,-71.09753333333333,6.1,327213.17140447645,4689728.775672696,19,T
2022/02/08/15:09:19.499681,$GPGGA,42.34063833333333,-71.09753333333333,6.1,327213.17140447645,4689728.775672696,19,T
2022/02/08/15:09:20.499601,$GPGGA,42.34063833333333,-71.09753333333333,6.1,327213.17140447645,4689728.775672696,19,T
2022/02/08/15:09:21.499893,$GPGGA,42.34063833333333,-71.09753333333333,6.1,327213.17140447645,4689728.775672696,19,T
2022/02/08/15:09:22.498491,$GPGGA,42.34063833333333,-71.09753166666665,6.1,327213.30870393256,4689728.772285724,19,T
2022/02/08/15:09:23.497843,$GPGGA,42.34063833333333,-71.09753166666665,6.1,327213.30870393256,4689728.772285724,19,T
2022/02/08/15:09:24.495978,$GPGGA,42.34063833333333,-71.09753166666665,6.1,327213.30870393256,4689728.772285724,19,T
2022/02/08/15:09:25.499744,$GPGGA,42.34063833333333,-71.09753166666665,6.1,327213.30870393256,4689728.772285724,19,T
2022/02/08/15:09:26.498452,$GPGGA,42.34063833333333,-71.09753166666665,6.1,327213.30870393256,4689728.772285724,19,T
2022/02/08/15:09:27.498128,$GPGGA,42.34063833333333,-71.09753166666665,6.1,327213.30870393256,4689728.772285724,19,T
2022/02/08/15:09:28.500661,$GPGGA,42.34063833333333,-71.09753166666665,6.1,327213.30870393256,4689728.772285724,19,T
2022/02/08/15:09:29.500364,$GPGGA,42.34063833333333,-71.09753166666665,6.0,327213.30870393256,4689728.772285724,19,T
2022/02/08/15:09:30.506098,$GPGGA,42.34063833333333,-71.09753166666665,6.0,327213.30870393256,4689728.772285724,19,T
2022/02/08/15:09:31.498846,$GPGGA,42.34063833333333,-71.09753166666665,6.0,327213.30870393256,4689728.772285724,19,T
2022/02/08/15:09:32.493720,$GPGGA,42.34063833333333,-71.09753166666665,6.0,327213.30870393256,4689728.772285724,19,T
2022/02/08/15:09:33.499581,$GPGGA,42.34063833333333,-71.09753166666665,6.0,327213.30870393256,4689728.772285724,19,T
2022/02/08/15:09:34.499727,$GPGGA,42.34063833333333,-71.09753166666665,6.0,327213.30870393256,4689728.772285724,19,T
2022/02/08/15:09:35.499660,$GPGGA,42.34063833333333,-71.09753166666665,6.0,327213.30870393256,4689728.772285724,19,T
2022/02/08/15:09:36.496486,$GPGGA,42.34063833333333,-71.09753166666665,6.0,327213.30870393256,4689728.772285724,19,T
2022/02/08/15:09:37.494965,$GPGGA,42.34063833333333,-71.09753166666665,6.0,327213.30870393256,4689728.772285724,19,T
2022/02/08/15:09:38.492857,$GPGGA,42.34063833333333,-71.09753166666665,6.0,327213.30870393256,4689728.772285724,19,T
2022/02/08/15:09:39.498584,$GPGGA,42.34063833333333,-71.09753166666665,6.0,327213.30870393256,4689728.772285724,19,T
2022/02/08/15:09:40.499995,$GPGGA,42.34063833333333,-71.09753166666665,6.0,327213.30870393256,4689728.772285724,19,T
2022/02/08/15:09:41.499393,$GPGGA,42.34063833333333,-71.09753166666665,6.0,327213.30870393256,4689728.772285724,19,T
2022/02/08/15:09:42.501870,$GPGGA,42.34063833333333,-71.09753166666665,6.0,327213.30870393256,4689728.772285724,19,T
2022/02/08/15:09:43.498101,$GPGGA,42.34063833333333,-71.09753166666665,6.0,327213.30870393256,4689728.772285724,19,T
2022/02/08/15:09:44.499463,$GPGGA,42.34063833333333,-71.09753166666665,6.0,327213.30870393256,4689728.772285724,19,T
2022/02/08/15:09:45.500142,$GPGGA,42.34063833333333,-71.09753166666665,6.1,327213.30870393256,4689728.772285724,19,T
2022/02/08/15:09:46.494039,$GPGGA,42.34063833333333,-71.09753166666665,6.1,327213.30870393256,4689728.772285724,19,T
2022/02/08/15:09:47.499576,$GPGGA,42.34063833333333,-71.09753166666665,6.1,327213.30870393256,4689728.772285724,19,T
2022/02/08/15:09:48.499229,$GPGGA,42.34063833333333,-71.09753166666665,6.1,327213.30870393256,4689728.772285724,19,T
2022/02/08/15:09:49.499686,$GPGGA,42.34063833333333,-71.09753166666665,6.1,327213.30870393256,4689728.772285724,19,T
2022/02/08/15:09:50.499828,$GPGGA,42.34063833333333,-71.09753166666665,6.1,327213.30870393256,4689728.772285724,19,T
2022/02/08/15:09:51.499380,$GPGGA,42.34063833333333,-71.09753166666665,6.1,327213.30870393256,4689728.772285724,19,T
2022/02/08/15:09:52.499686,$GPGGA,42.34063833333333,-71.09753166666665,6.1,327213.30870393256,4689728.772285724,19,T
2022/02/08/15:09:53.501000,$GPGGA,42.34063833333333,-71.09753166666665,6.1,327213.30870393256,4689728.772285724,19,T
2022/02/08/15:09:54.499921,$GPGGA,42.34063833333333,-71.09753166666665,6.1,327213.30870393256,4689728.772285724,19,T
2022/02/08/15:09:55.499742,$GPGGA,42.34063833333333,-71.09753166666665,6.1,327213.30870393256,4689728.772285724,19,T
2022/02/08/15:09:56.493788,$GPGGA,42.34063833333333,-71.09753166666665,6.1,327213.30870393256,4689728.772285724,19,T
2022/02/08/15:09:57.500354,$GPGGA,42.34063833333333,-71.09753166666665,6.1,327213.30870393256,4689728.772285724,19,T
2022/02/08/15:09:58.498927,$GPGGA,42.34063833333333,-71.09753166666665,6.1,327213.30870393256,4689728.772285724,19,T
2022/02/08/15:09:59.515276,$GPGGA,42.34063833333333,-71.09753166666665,6.1,327213.30870393256,4689728.772285724,19,T
2022/02/08/15:10:00.522795,$GPGGA,42.34063833333333,-71.09753166666665,6.1,327213.30870393256,4689728.772285724,19,T
2022/02/08/15:10:01.515626,$GPGGA,42.34063833333333,-71.09753166666665,6.1,327213.30870393256,4689728.772285724,19,T
2022/02/08/15:10:02.517401,$GPGGA,42.34063833333333,-71.09753166666665,6.1,327213.30870393256,4689728.772285724,19,T
2022/02/08/15:10:03.517568,$GPGGA,42.34063833333333,-71.09753166666665,6.1,327213.30870393256,4689728.772285724,19,T
2022/02/08/15:10:04.516489,$GPGGA,42.34063833333333,-71.09753166666665,6.1,327213.30870393256,4689728.772285724,19,T
2022/02/08/15:10:05.523253,$GPGGA,42.34063833333333,-71.09753166666665,6.1,327213.30870393256,4689728.772285724,19,T
2022/02/08/15:10:06.512489,$GPGGA,42.34063833333333,-71.09753166666665,6.1,327213.30870393256,4689728.772285724,19,T
2022/02/08/15:10:07.516697,$GPGGA,42.34063833333333,-71.09753166666665,6.1,327213.30870393256,4689728.772285724,19,T
2022/02/08/15:10:08.517467,$GPGGA,42.34063833333333,-71.09753166666665,6.1,327213.30870393256,4689728.772285724,19,T
2022/02/08/15:10:09.518571,$GPGGA,42.34063833333333,-71.09753166666665,6.1,327213.30870393256,4689728.772285724,19,T
2022/02/08/15:10:10.513780,$GPGGA,42.34063833333333,-71.09753166666665,6.1,327213.30870393256,4689728.772285724,19,T
2022/02/08/15:10:11.515711,$GPGGA,42.34063833333333,-71.09753166666665,6.1,327213.30870393256,4689728.772285724,19,T
2022/02/08/15:10:12.496422,$GPGGA,42.34063833333333,-71.09753166666665,6.1,327213.30870393256,4689728.772285724,19,T
2022/02/08/15:10:13.517646,$GPGGA,42.34063833333333,-71.09753166666665,6.1,327213.30870393256,4689728.772285724,19,T
2022/02/08/15:10:14.500752,$GPGGA,42.34063833333333,-71.09753166666665,6.1,327213.30870393256,4689728.772285724,19,T
2022/02/08/15:10:15.499952,$GPGGA,42.34063833333333,-71.09753166666665,6.1,327213.30870393256,4689728.772285724,19,T
2022/02/08/15:10:16.516602,$GPGGA,42.34063833333333,-71.09753166666665,6.1,327213.30870393256,4689728.772285724,19,T
2022/02/08/15:10:17.516352,$GPGGA,42.34063833333333,-71.09753166666665,6.1,327213.30870393256,4689728.772285724,19,T
2022/02/08/15:10:18.499469,$GPGGA,42.34063833333333,-71.09753166666665,6.1,327213.30870393256,4689728.772285724,19,T
2022/02/08/15:10:19.496564,$GPGGA,42.34063833333333,-71.09753166666665,6.1,327213.30870393256,4689728.772285724,19,T
2022/02/08/15:10:20.497777,$GPGGA,42.34063833333333,-71.09753166666665,6.1,327213.30870393256,4689728.772285724,19,T
2022/02/08/15:10:21.500029,$GPGGA,42.34063833333333,-71.09753166666665,6.1,327213.30870393256,4689728.772285724,19,T
2022/02/08/15:10:22.499370,$GPGGA,42.34063833333333,-71.09753166666665,6.1,327213.30870393256,4689728.772285724,19,T
2022/02/08/15:10:23.499329,$GPGGA,42.34063833333333,-71.09753166666665,6.1,327213.30870393256,4689728.772285724,19,T
2022/02/08/15:10:24.496617,$GPGGA,42.34063833333333,-71.09753166666665,6.1,327213.30870393256,4689728.772285724,19,T
2022/02/08/15:10:25.500044,$GPGGA,42.34063833333333,-71.09753166666665,6.1,327213.30870393256,4689728.772285724,19,T
2022/02/08/15:10:26.500794,$GPGGA,42.34063833333333,-71.09753166666665,6.1,327213.30870393256,4689728.772285724,19,T
2022/02/08/15:10:27.508467,$GPGGA,42.34063833333333,-71.09753166666665,6.1,327213.30870393256,4689728.772285724,19,T
2022/02/08/15:10:28.500968,$GPGGA,42.34063833333333,-71.09753166666665,6.1,327213.30870393256,4689728.772285724,19,T
2022/02/08/15:10:29.500035,$GPGGA,42.34063833333333,-71.09753166666665,6.1,327213.30870393256,4689728.772285724,19,T
2022/02/08/15:10:30.499862,$GPGGA,42.34063833333333,-71.09753166666665,6.1,327213.30870393256,4689728.772285724,19,T
2022/02/08/15:10:31.492962,$GPGGA,42.34063833333333,-71.09753166666665,6.1,327213.30870393256,4689728.772285724,19,T
2022/02/08/15:10:32.500110,$GPGGA,42.34063833333333,-71.09753166666665,6.1,327213.30870393256,4689728.772285724,19,T
2022/02/08/15:10:33.494478,$GPGGA,42.34063833333333,-71.09753166666665,6.1,327213.30870393256,4689728.772285724,19,T
2022/02/08/15:10:34.493600,$GPGGA,42.34063833333333,-71.09753166666665,6.1,327213.30870393256,4689728.772285724,19,T
2022/02/08/15:10:35.492948,$GPGGA,42.34063833333333,-71.09753166666665,6.1,327213.30870393256,4689728.772285724,19,T
2022/02/08/15:10:36.496021,$GPGGA,42.34063833333333,-71.09753166666665,6.1,327213.30870393256,4689728.772285724,19,T
2022/02/08/15:10:37.500302,$GPGGA,42.34063833333333,-71.09753166666665,6.1,327213.30870393256,4689728.772285724,19,T
2022/02/08/15:10:38.506890,$GPGGA,42.34063833333333,-71.09753166666665,6.1,327213.30870393256,4689728.772285724,19,T
2022/02/08/15:10:39.498809,$GPGGA,42.34063833333333,-71.09753166666665,6.1,327213.30870393256,4689728.772285724,19,T
2022/02/08/15:10:40.499387,$GPGGA,42.34063833333333,-71.09753166666665,6.1,327213.30870393256,4689728.772285724,19,T
2022/02/08/15:10:41.500224,$GPGGA,42.34063833333333,-71.09753166666665,6.1,327213.30870393256,4689728.772285724,19,T
2022/02/08/15:10:42.500176,$GPGGA,42.34063833333333,-71.09753166666665,6.1,327213.30870393256,4689728.772285724,19,T
2022/02/08/15:10:43.498888,$GPGGA,42.34063833333333,-71.09753166666665,6.1,327213.30870393256,4689728.772285724,19,T
2022/02/08/15:10:44.493913,$GPGGA,42.34063833333333,-71.09753166666665,6.1,327213.30870393256,4689728.772285724,19,T
2022/02/08/15:10:45.499183,$GPGGA,42.34063833333333,-71.09753166666665,6.1,327213.30870393256,4689728.772285724,19,T
2022/02/08/15:10:46.492149,$GPGGA,42.34063833333333,-71.09753166666665,6.1,327213.30870393256,4689728.772285724,19,T
2022/02/08/15:10:47.493526,$GPGGA,42.34063833333333,-71.09753166666665,6.1,327213.30870393256,4689728.772285724,19,T
2022/02/08/15:10:48.500688,$GPGGA,42.34063833333333,-71.09753166666665,6.1,327213.30870393256,4689728.772285724,19,T
2022/02/08/15:10:49.499074,$GPGGA,42.34063833333333,-71.09753166666665,6.1,327213.30870393256,4689728.772285724,19,T
2022/02/08/15:10:50.514561,$GPGGA,42.34063833333333,-71.09753166666665,6.1,327213.30870393256,4689728.772285724,19,T
2022/02/08/15:10:51.513999,$GPGGA,42.34063833333333,-71.09753166666665,6.1,327213.30870393256,4689728.772285724,19,T
2022/02/08/15:10:52.516741,$GPGGA,42.34063833333333,-71.09753166666665,6.1,327213.30870393256,4689728.772285724,19,T
2022/02/08/15:10:53.522892,$GPGGA,42.34063833333333,-71.09753166666665,6.1,327213.30870393256,4689728.772285724,19,T
2022/02/08/15:10:54.517528,$GPGGA,42.34063833333333,-71.09753166666665,6.1,327213.30870393256,4689728.772285724,19,T
2022/02/08/15:10:55.511404,$GPGGA,42.34063833333333,-71.09753166666665,6.1,327213.30870393256,4689728.772285724,19,T
2022/02/08/15:10:56.513154,$GPGGA,42.34063833333333,-71.09753166666665,6.2,327213.30870393256,4689728.772285724,19,T
2022/02/08/15:10:57.513451,$GPGGA,42.34063833333333,-71.09753166666665,6.2,327213.30870393256,4689728.772285724,19,T
2022/02/08/15:10:58.520776,$GPGGA,42.34063833333333,-71.09753166666665,6.2,327213.30870393256,4689728.772285724,19,T
2022/02/08/15:10:59.519057,$GPGGA,42.34063833333333,-71.09753166666665,6.2,327213.30870393256,4689728.772285724,19,T
2022/02/08/15:11:00.513153,$GPGGA,42.34063833333333,-71.09753166666665,6.2,327213.30870393256,4689728.772285724,19,T
2022/02/08/15:11:01.517892,$GPGGA,42.34063833333333,-71.09753166666665,6.2,327213.30870393256,4689728.772285724,19,T
2022/02/08/15:11:02.511687,$GPGGA,42.34063833333333,-71.09753166666665,6.2,327213.30870393256,4689728.772285724,19,T
2022/02/08/15:11:03.499812,$GPGGA,42.34063833333333,-71.09753166666665,6.2,327213.30870393256,4689728.772285724,19,T
2022/02/08/15:11:04.517906,$GPGGA,42.34063833333333,-71.09753166666665,6.2,327213.30870393256,4689728.772285724,19,T
2022/02/08/15:11:05.500484,$GPGGA,42.34063833333333,-71.09753166666665,6.2,327213.30870393256,4689728.772285724,19,T
2022/02/08/15:11:06.502785,$GPGGA,42.34063833333333,-71.09753166666665,6.2,327213.30870393256,4689728.772285724,19,T
2022/02/08/15:11:07.518073,$GPGGA,42.34063833333333,-71.09753166666665,6.2,327213.30870393256,4689728.772285724,19,T
2022/02/08/15:11:08.513353,$GPGGA,42.34063833333333,-71.09753166666665,6.2,327213.30870393256,4689728.772285724,19,T
2022/02/08/15:11:09.501252,$GPGGA,42.34063833333333,-71.09753166666665,6.2,327213.30870393256,4689728.772285724,19,T
